Year,AnnualDogSerovarInc/10K,AnnualRodentSerovarInc/10K
Year,AnnualDogSerovarInc/10K,AnnualRodentSerovarInc/10K
Year,AnnualDogSerovarInc/10K,AnnualRodentSerovarInc/10K
1,0,0
1,0,0
1,0,76
2,0,0
2,0,0
2,0,61
3,0,0
3,0,0
3,0,61
4,0,0
4,0,0
4,0,77
5,0,0
5,0,0
5,0,62
6,0,0
6,0,0
6,0,62
7,0,0
7,0,0
7,0,16
8,0,0
8,0,0
8,0,78
9,0,0
9,0,0
9,0,16
10,0,0
10,0,0
10,0,16
Year,AnnualDogSerovarInc/10K,AnnualRodentSerovarInc/10K
1,0,0
Year,AnnualDogSerovarInc/10K,AnnualRodentSerovarInc/10K
1,0,15
Year,AnnualDogSerovarInc/10K,AnnualRodentSerovarInc/10K
1,0,15
2,0,60
